map,algorithm,iterations,surv_mean,surv_std,time_mean,time_std,time_min,time_max,evac_success_runs
Mapa 1 (Cuello de Botella),DFS,80,14.875,29.656101817332633,114.34042553191489,20.815579880857737,87,156,47
Mapa 1 (Cuello de Botella),BFS,80,66.9,43.919130228181885,85.80645161290323,11.935091536707798,47,103,62
Mapa 1 (Cuello de Botella),Greedy,80,58.85,45.361630261709074,79.91525423728814,16.68378705087943,42,90,59
Mapa 1 (Cuello de Botella),A*,80,64.35,44.23999886980107,83.53968253968254,15.184396122780278,42,107,63
Mapa 1 (Cuello de Botella),Genético,80,46.45,46.14214451019805,96.89473684210526,30.236311509552184,42,178,57
Mapa 2 (Laberinto Corporativo),DFS,80,9.425,16.159188562548554,119.10416666666667,31.553023880005895,73,165,48
Mapa 2 (Laberinto Corporativo),BFS,80,45.375,39.291975962020544,98.15789473684211,18.387438001788652,60,126,57
Mapa 2 (Laberinto Corporativo),Greedy,80,49.925,34.29204536040392,96.72727272727273,15.596760983231233,63,125,66
Mapa 2 (Laberinto Corporativo),A*,80,50.725,35.34436836329092,99.64615384615385,18.239796531617145,61,134,65
Mapa 2 (Laberinto Corporativo),Genético,80,41.3,34.464619539463946,97.9047619047619,17.868758127155974,66,143,63
Mapa 3 (Dispersión Abierta),DFS,80,0.0,0.0,0.0,0.0,0,0,0
Mapa 3 (Dispersión Abierta),BFS,80,49.175,39.121213874316325,71.47887323943662,16.48546876556901,42,90,71
Mapa 3 (Dispersión Abierta),Greedy,80,56.2,39.53681828372131,76.15492957746478,14.421861229850633,43,90,71
Mapa 3 (Dispersión Abierta),A*,80,51.65,38.22404348051106,70.89041095890411,17.00085545296126,42,90,73
Mapa 3 (Dispersión Abierta),Genético,80,39.875,38.432204919832536,76.63636363636364,17.721444263289026,41,118,66
